path	http	bytes
WebAssets/Video/ice3000.webm	200	214937298
WebAssets/ads-banner/upgrade/banner-en.png	200	9008930
WebAssets/ads-banner/upgrade/banner-th.png	200	8977746
WebAssets/Landing/Homepage/Pepe%20create%20profile%201.svg	200	1794738
WebAssets/Landing/Homepage/Pepe%20Review.svg	200	1669187
WebAssets/ads-banner/upgrade/desktop-banner-en.png	200	1137420
WebAssets/ads-banner/upgrade/desktop-banner-th.png	200	1135605
WebAssets/Landing/Homepage/Pepe%20create%20profile%202.svg	200	1074895
WebAssets/Landing/About%20Page/Pooh2.png	200	752553
WebAssets/Landing/About%20Page/Pooh1.png	200	720639
WebAssets/Landing/About%20Page/Pepe2.png	200	685383
WebAssets/Landing/About%20Page/Pepe1.png	200	622264
WebAssets/Common/icons/employees-dogs.webp	200	514230
WebAssets/Landing/About%20Page/Fat%20dog%201.png	200	471851
WebAssets/Blog/sickdog.webp	200	370750
WebAssets/Landing/About%20Page/Fat%20cat%201.png	200	345879
WebAssets/Common/icons/family.webp	200	312596
WebAssets/Landing/About%20Page/Fat%20dog%202.png	200	291305
WebAssets/Common/icons/monopoly-cat.webp	200	279630
WebAssets/Common/icons/cat-mail.webp	200	268128
WebAssets/Common/icons/thinker-dog.webp	200	264394
WebAssets/Common/icons/roll-safe-husky.webp	200	255944
WebAssets/Blog/sickcat.webp	200	255814
WebAssets/Common/icons/cute-brain.webp	200	247670
WebAssets/Common/icons/dog-phone.webp	200	244990
WebAssets/Common/icons/hospital.webp	200	241712
WebAssets/branding/pawjai-logo-text.webp	200	230838
WebAssets/Common/icons/suitcase.webp	200	230328
WebAssets/Common/icons/cat-phone.webp	200	223484
WebAssets/Common/icons/clock.webp	200	220804
WebAssets/Common/icons/thinking-cat.webp	200	208364
WebAssets/Common/icons/note.webp	200	205566
WebAssets/branding/pawjai-logo-no-text.webp	200	200070
WebAssets/Common/not-found.webp	200	194078
WebAssets/Lookups/Symptom/cat-scratch.webp	200	193102
WebAssets/Common/icons/cat-profile-2.webp	200	188362
WebAssets/Common/icons/dog-profile-2.webp	200	186450
WebAssets/Lookups/Activity/socialize.webp	200	175320
WebAssets/Common/icons/crying-pets.webp	200	174532
WebAssets/Common/icons/cat-support.webp	200	173464
WebAssets/Lookups/Vet-visit/surgery.webp	200	167936
WebAssets/Lookups/Medication/chronic-med.webp	200	167304
WebAssets/Lookups/Activity/dog-train.webp	200	166450
WebAssets/Lookups/Symptom/cat-no-eat.webp	200	164904
WebAssets/Lookups/Activity/food.webp	200	163928
WebAssets/Common/icons/male.webp	200	162040
WebAssets/Lookups/Activity/dog-walk.webp	200	156914
WebAssets/Common/icons/letter.webp	200	156264
WebAssets/Lookups/Vet-visit/injured.webp	200	156156
WebAssets/Lookups/Activity/poop.webp	200	155400
WebAssets/Common/icons/handshake.webp	200	154848
WebAssets/Lookups/Vet-visit/follow-up.webp	200	153478
WebAssets/Common/icons/magnify.webp	200	150890
WebAssets/Common/icons/paws.webp	200	149672
WebAssets/Lookups/Main/symptom.webp	200	149616
WebAssets/branding/pawjai-logo-horizon.webp	200	146884
WebAssets/Lookups/Activity/enrichment.webp	200	146720
WebAssets/Lookups/Medication/general-med.webp	200	144376
WebAssets/Common/icons/weight.webp	200	141852
WebAssets/Common/icons/heart.webp	200	140978
WebAssets/Lookups/Symptom/dog-no-eat.webp	200	140350
WebAssets/Common/icons/lightbulb.webp	200	135146
WebAssets/Lookups/Vet-visit/routine-checkup.webp	200	132586
WebAssets/Lookups/Symptom/cat-lethargy.webp	200	132534
WebAssets/Lookups/Activity/grooming.webp	200	132394
WebAssets/Lookups/Vet-visit/diagosis.webp	200	131012
ads/petkit/fountain-mobile-2.png	200	130709
WebAssets/Lookups/Activity/pee.webp	200	129366
WebAssets/Common/icons/unknown.webp	200	129254
WebAssets/Common/icons/female.webp	200	127834
WebAssets/Pet-icons/brown-dog-icon.webp	200	126904
WebAssets/Common/icons/cross.webp	200	123372
ads/petkit/fountain-desktop.png	200	114708
WebAssets/Lookups/Main/activity.webp	200	113874
WebAssets/Lookups/Symptom/dog-sneeze.webp	200	112294
WebAssets/Lookups/Activity/cat-play.webp	200	111578
WebAssets/Lookups/Vet-visit/vaccination.webp	200	110742
WebAssets/Lookups/Symptom/dog-vomit.webp	200	109532
WebAssets/Common/icons/exclaim.webp	200	106678
WebAssets/Lookups/Symptom/dog-scratch.webp	200	106354
WebAssets/Common/icons/hospital2.webp	200	102890
WebAssets/Lookups/Symptom/dog-lethargy.webp	200	101950
WebAssets/Lookups/Main/vet-visit.webp	200	101750
WebAssets/Blog/chonk%20dog.webp	200	99640
WebAssets/Common/icons/vet-2.webp	200	98464
WebAssets/Common/icons/leaf.webp	200	94176
WebAssets/Common/icons/lock.webp	200	93020
WebAssets/Lookups/Main/medication.webp	200	91580
WebAssets/Landing/About%20Page/Pepe.png	200	90997
WebAssets/Common/icons/helping-hand-2.webp	200	90792
WebAssets/Lookups/Medication/parasite-med.webp	200	88432
WebAssets/Common/icons/check.webp	200	86566
WebAssets/Lookups/Symptom/diahrrea.webp	200	86398
WebAssets/Landing/About%20Page/Numnim.png	200	81327
WebAssets/Landing/About%20Page/Vasco.png	200	79156
WebAssets/Common/icons/heart-lock.webp	200	72256
WebAssets/Landing/About%20Page/Palo.png	200	70114
WebAssets/Lookups/Symptom/cat-vomit.webp	200	68606
WebAssets/Lookups/Symptom/cat-cough.webp	200	67006
ads/petkit/fountain-300-250.png	200	63133
WebAssets/Pet-icons/gray-cat-icon.webp	200	53568
WebAssets/Landing/appstore-download.png	200	44951
WebAssets/Common/animations/success-check.webm	200	29884
WebAssets/Landing/Homepage/Pepe%20create%20profile%203.png	200	29644
WebAssets/Landing/Stickers/pepe-heart.webp	200	22432
WebAssets/Landing/Stickers/pepe-shocked.webp	200	16160
WebAssets/Landing/Stickers/pepe-laptop.webp	200	12660
WebAssets/branding/pawjai-wordmark.svg	200	11143
WebAssets/branding/pawjai-logo-amber.svg	200	9534
WebAssets/pet-avatar/default-paw-aqua.webp	200	7118
WebAssets/pet-avatar/default-paw-sky.webp	200	7018
WebAssets/pet-avatar/default-paw-periwinkle.webp	200	6968
WebAssets/pet-avatar/default-paw-lavender.webp	200	6890
WebAssets/pet-avatar/default-paw-mint.webp	200	6884
WebAssets/pet-avatar/default-paw-lilac.webp	200	6844
WebAssets/pet-avatar/default-paw-sage.webp	200	6742
WebAssets/pet-avatar/default-paw-butter.webp	200	6708
WebAssets/Lookups/Medication/vitamins.webp	404	678
WebAssets/Common/social/youtube.svg	200	675
